{"cameraMode":{"drawMode":0,"name":"Shaded","section":"Shading Mode"},"sceneLighting":true,"audioPlay":false,"sceneViewState":{"m_AlwaysRefresh":false,"showFog":true,"showSkybox":true,"showFlares":true,"showImageEffects":true,"showParticleSystems":true,"showVisualEffectGraphs":true,"m_FxEnabled":true},"in2DMode":false,"pivot":{"x":-9.44623851776123,"y":-3.5198230743408205,"z":-0.1276412010192871},"rotation":{"x":0.2224193811416626,"y":0.02924342080950737,"z":-0.006674571428447962,"w":0.9744898676872253},"size":16.246522903442384,"orthographic":true}